Date,Open,High,Low,Close,Volume,Market Cap,Mean
"Feb 20, 2018",8.1,8.49,7.94,8.03,"4,60,87,500","81,00,38,000",8.14
"Feb 19, 2018",7.54,8.15,7.44,8.1,"3,78,13,100","75,37,33,000",7.8075
"Feb 18, 2018",7.84,8.09,7.13,7.54,"4,00,81,300","78,40,44,000",7.65
"Feb 17, 2018",7.88,7.96,7.63,7.84,"3,44,58,200","78,83,32,000",7.8275
"Feb 16, 2018",8,8.36,7.49,7.9,"4,41,43,700","80,00,93,000",7.9375
"Feb 15, 2018",6.42,8.07,6.38,8.07,"6,16,70,200","64,19,92,000",7.235
"Feb 14, 2018",5.59,6.44,5.58,6.42,"2,00,68,500","55,89,52,000",6.0075
"Feb 13, 2018",5.74,5.76,5.4,5.6,"1,70,30,400","57,42,98,000",5.625
"Feb 12, 2018",5.49,5.89,5.49,5.72,"2,01,67,600","54,86,02,000",5.6475
"Feb 11, 2018",5.72,5.72,5.01,5.45,"2,15,99,600","57,18,65,000",5.475
"Feb 10, 2018",6.06,6.32,5.47,5.72,"2,95,52,400","60,61,51,000",5.8925
"Feb 09, 2018",5.6,6.09,5.3,6.04,"2,43,32,800","55,97,84,000",5.7575
"Feb 08, 2018",4.92,6,4.92,5.58,"3,15,67,200","49,24,56,000",5.355
"Feb 07, 2018",5.01,5.66,4.59,4.97,"1,61,35,000","50,10,33,000",5.0575
"Feb 06, 2018",4.54,5.15,3.66,5.06,"2,02,48,500","45,38,88,000",4.6025
"Feb 05, 2018",5.71,5.95,4.36,4.54,"2,23,95,200","57,10,19,000",5.14
"Feb 04, 2018",6.64,6.75,5.57,5.74,"2,57,65,100","66,37,52,000",6.175
"Feb 03, 2018",6.21,6.85,5.74,6.63,"2,30,23,200","62,11,54,000",6.3575
"Feb 02, 2018",6.65,6.65,5.35,6.2,"2,67,26,300","66,45,36,000",6.2125
"Feb 01, 2018",7.7,7.79,6.35,6.67,"2,77,74,000","76,98,64,000",7.1275
"Jan 31, 2018",7.63,7.93,7.24,7.68,"2,75,35,700","76,27,09,000",7.62
"Jan 30, 2018",8.71,8.78,7.52,7.61,"2,90,51,000","87,09,74,000",8.155
"Jan 29, 2018",9.19,9.3,8.54,8.71,"3,35,54,900","91,87,18,000",8.935
"Jan 28, 2018",9.17,9.53,9.02,9.2,"3,45,27,300","91,66,26,000",9.23
"Jan 27, 2018",8.95,9.46,8.86,9.11,"3,95,28,900","89,49,06,000",9.095
"Jan 26, 2018",9.04,9.36,8.32,8.96,"3,47,96,200","90,39,52,000",8.92
"Jan 25, 2018",8.92,9.23,8.72,9.06,"3,83,46,500","89,19,93,000",8.9825
"Jan 24, 2018",8.2,8.94,7.97,8.81,"4,59,27,300","81,96,66,000",8.48
"Jan 23, 2018",8.28,8.57,7.73,8.2,"3,74,18,900","82,82,37,000",8.195
"Jan 22, 2018",8.38,8.65,7.59,8.3,"3,06,57,000","83,82,33,000",8.23
"Jan 21, 2018",9.65,9.72,8.06,8.27,"3,64,59,600","96,48,61,000",8.925
"Jan 20, 2018",8.88,9.82,8.88,9.6,"5,18,92,200","88,82,59,000",9.295
"Jan 19, 2018",8.51,9.38,8.21,8.78,"4,52,79,300","85,08,97,000",8.72
"Jan 18, 2018",8.48,10.05,7.95,8.6,"3,52,28,000","84,75,72,000",8.77
"Jan 17, 2018",8.36,8.83,6.68,8.09,"8,66,32,300","83,56,24,000",7.99
"Jan 16, 2018",10.83,10.92,7.08,8.39,"4,23,25,600","1,08,34,60,000",9.305
"Jan 15, 2018",11.02,11.47,10.7,10.77,"4,72,09,300","1,10,24,30,000",10.99
"Jan 14, 2018",11.85,11.86,10.5,11.09,"4,66,11,100","1,18,45,20,000",11.325
"Jan 13, 2018",11.35,12.15,11.33,11.83,"4,20,00,200","1,13,47,20,000",11.665
"Jan 12, 2018",10.78,11.76,10.46,11.34,"4,33,42,800","1,07,83,30,000",11.085
"Jan 11, 2018",12.65,12.65,9.98,10.71,"4,62,40,500","1,26,52,40,000",11.4975
"Jan 10, 2018",13.04,13.04,11.41,12.74,"6,23,48,700","1,30,38,30,000",12.5575
"Jan 09, 2018",13.53,14.11,12.55,12.99,"6,29,59,200","1,35,33,00,000",13.295
"Jan 08, 2018",12.85,13.73,11.57,13.63,"7,21,90,300","1,28,47,70,000",12.945
"Jan 07, 2018",12.87,13.53,12.27,12.95,"5,62,40,800","1,28,74,00,000",12.905
"Jan 06, 2018",12.02,13.07,11.44,12.86,"5,97,38,700","1,20,19,00,000",12.3475
"Jan 05, 2018",12.45,13.25,11.77,12.06,"6,56,68,300","1,24,51,40,000",12.3825
"Jan 04, 2018",13.06,13.1,11.87,12.54,"6,53,43,400","1,30,64,10,000",12.6425
"Jan 03, 2018",13.32,13.73,12.55,12.99,"5,38,10,900","1,33,18,20,000",13.1475
"Jan 02, 2018",12.54,13.38,12.33,13.35,"6,11,36,300","1,25,36,40,000",12.9
"Jan 01, 2018",12.63,12.7,11.77,12.57,"4,33,02,300","1,26,26,00,000",12.4175
"Dec 31, 2017",11.7,12.8,11.54,12.6,"5,01,13,900","1,16,97,80,000",12.16
"Dec 30, 2017",13.64,13.79,10.95,11.81,"4,91,73,200","1,36,36,20,000",12.5475
"Dec 29, 2017",12.87,14.03,12.44,13.64,"6,49,26,900","1,28,67,50,000",13.245
"Dec 28, 2017",13.58,13.62,11.73,12.71,"4,82,73,000","1,35,83,00,000",12.91
"Dec 27, 2017",14.32,14.43,13.18,13.58,"5,43,43,300","1,43,21,60,000",13.8775
"Dec 26, 2017",14.31,15.15,13.68,14.2,"6,55,04,500","1,43,13,40,000",14.335
"Dec 25, 2017",13.93,14.46,13.13,14.28,"6,55,45,300","1,39,34,80,000",13.95
"Dec 24, 2017",14.47,14.54,12.25,13.81,"5,92,22,600","1,44,70,00,000",13.7675
"Dec 23, 2017",12.67,15.79,12.48,14.27,"8,84,01,100","1,26,70,50,000",13.8025
"Dec 22, 2017",16.14,16.42,9.82,12.52,"7,16,99,500","1,61,39,00,000",13.725
"Dec 21, 2017",15.29,16.53,14.54,16.03,"9,08,75,600","1,52,90,20,000",15.5975
"Dec 20, 2017",16.02,16.26,13.9,15.21,"8,19,05,700","1,60,23,10,000",15.3475
"Dec 19, 2017",15.63,18.07,14.51,15.89,"11,46,41,000","1,56,33,40,000",16.025
"Dec 18, 2017",13.63,15.72,13.09,15.61,"10,23,57,000","1,36,31,60,000",14.5125
"Dec 17, 2017",13.39,14.16,13.17,13.54,"6,43,76,200","1,33,92,00,000",13.565
"Dec 16, 2017",13.56,13.73,12.81,13.4,"6,93,11,000","1,35,55,30,000",13.375
"Dec 15, 2017",13.55,14.08,11.76,13.09,"9,53,57,500","1,35,46,20,000",13.12
"Dec 14, 2017",13.56,14.02,12.43,13.64,"5,50,02,000","1,35,55,60,000",13.4125
"Dec 13, 2017",15.23,15.62,13.5,13.65,"7,59,95,500","1,52,33,80,000",14.5
"Dec 12, 2017",11.23,15.2,10.89,14.86,"10,38,48,000","1,12,28,60,000",13.045
"Dec 11, 2017",9.73,11.33,9.65,11.22,"7,41,40,500","97,28,64,000",10.4825
"Dec 10, 2017",8.76,10.46,7.6,9.76,"5,73,36,900","87,55,85,000",9.145
"Dec 09, 2017",8.41,9.87,7.86,8.72,"4,73,94,900","84,12,12,000",8.715
"Dec 08, 2017",8.71,8.73,7.43,8.4,"4,57,81,100","87,14,06,000",8.3175
"Dec 07, 2017",8.52,9.5,8.01,8.52,"6,17,51,500","85,21,36,000",8.6375
"Dec 06, 2017",7.38,8.43,6.93,8.43,"5,20,74,900","73,83,47,000",7.7925
"Dec 05, 2017",6.69,7.68,6.62,7.43,"4,08,75,800","66,87,40,000",7.105
"Dec 04, 2017",6.21,6.69,6.03,6.69,"3,04,19,300","62,05,58,000",6.405
"Dec 03, 2017",6.09,6.6,5.84,6.2,"3,30,36,700","60,94,49,000",6.1825
"Dec 02, 2017",5.79,6.43,5.75,6.11,"3,03,25,700","57,93,54,000",6.02
"Dec 01, 2017",4.84,5.8,4.61,5.8,"2,60,90,100","48,39,39,000",5.2625
"Nov 30, 2017",5.23,5.33,4.39,4.88,"2,55,49,500","52,32,39,000",4.9575
"Nov 29, 2017",5.91,6.16,4.97,5.17,"3,09,96,500","59,09,60,000",5.5525
"Nov 28, 2017",5.62,5.93,5.56,5.93,"2,62,01,500","56,23,74,000",5.76
"Nov 27, 2017",5.67,5.78,5.48,5.65,"2,50,29,600","56,71,62,000",5.645
"Nov 26, 2017",5.36,5.79,5.35,5.68,"2,56,67,300","53,59,81,000",5.545
"Nov 25, 2017",5.22,5.37,5.13,5.35,"2,05,20,600","52,15,31,000",5.2675
"Nov 24, 2017",5.19,5.27,5.03,5.23,"2,24,24,900","51,91,00,000",5.18
"Nov 23, 2017",5.29,5.34,5.18,5.19,"2,13,05,100","52,94,35,000",5.25
"Nov 22, 2017",5.2,5.57,5.16,5.29,"2,63,43,100","51,98,34,000",5.305
"Nov 21, 2017",5.26,5.28,4.99,5.19,"2,33,53,900","52,56,16,000",5.18
"Nov 20, 2017",5.13,5.42,5.06,5.27,"2,22,72,000","51,25,82,000",5.22
"Nov 19, 2017",5.28,5.47,5.02,5.12,"2,08,69,400","52,82,78,000",5.2225
"Nov 18, 2017",4.77,5.42,4.65,5.3,"2,60,20,400","47,65,45,000",5.035
"Nov 17, 2017",4.75,4.97,4.61,4.78,"1,87,77,000","47,45,92,000",4.7775
"Nov 16, 2017",5.07,5.1,4.71,4.76,"2,40,87,100","50,65,04,000",4.91
"Nov 15, 2017",5.05,5.27,4.8,5.05,"2,58,51,400","50,52,69,000",5.0425
"Nov 14, 2017",4.4,5.09,4.38,5.03,"1,93,74,900","43,96,02,000",4.725
"Nov 13, 2017",3.69,4.48,3.69,4.4,"1,24,93,200","36,93,68,000",4.065
"Nov 12, 2017",4.1,4.13,3.57,3.7,"1,22,79,900","41,02,50,000",3.875
"Nov 11, 2017",4.23,4.46,4.04,4.12,"1,23,04,600","42,28,15,000",4.2125
"Nov 10, 2017",4.92,5.03,4.09,4.24,"1,44,25,500","49,19,60,000",4.57
"Nov 09, 2017",4.51,5.22,4.47,4.91,"2,09,82,300","45,06,94,000",4.7775
"Nov 08, 2017",3.68,4.82,3.67,4.5,"2,05,40,000","36,81,85,000",4.1675
"Nov 07, 2017",3.52,3.72,3.42,3.69,"1,13,12,200","35,21,78,000",3.5875
"Nov 06, 2017",3.46,3.65,3.36,3.52,"1,22,91,000","34,57,46,000",3.4975
"Nov 05, 2017",3.61,3.62,3.39,3.45,"97,98,490","36,05,17,000",3.5175
"Nov 04, 2017",3.65,3.79,3.44,3.62,"1,16,19,500","36,52,54,000",3.625
"Nov 03, 2017",3.21,3.97,3.02,3.68,"1,40,90,800","32,05,50,000",3.47
"Nov 02, 2017",2.92,3.95,2.65,3.19,"1,49,49,200","29,20,33,000",3.1775
"Nov 01, 2017",3.23,3.23,2.67,2.89,"1,19,33,800","32,34,19,000",3.005
"Oct 31, 2017",3.47,3.5,3.17,3.24,"98,95,450","34,73,20,000",3.345
"Oct 30, 2017",3.55,3.61,3.43,3.48,"85,23,780","35,51,40,000",3.5175
"Oct 29, 2017",3.46,3.64,3.45,3.54,"90,46,840","34,58,25,000",3.5225
"Oct 28, 2017",3.54,3.6,3.45,3.46,"81,03,840","35,44,17,000",3.5125
"Oct 27, 2017",3.62,3.68,3.52,3.54,"67,14,780","36,23,11,000",3.59
"Oct 26, 2017",3.72,3.79,3.54,3.62,"83,21,870","37,17,05,000",3.6675
"Oct 25, 2017",3.76,3.77,3.48,3.7,"85,33,500","37,62,45,000",3.6775
"Oct 24, 2017",3.67,3.98,3.59,3.76,"87,03,160","36,67,74,000",3.75
"Oct 23, 2017",3.58,3.71,3.35,3.67,"86,21,370","35,80,01,000",3.5775
"Oct 22, 2017",3.58,3.66,3.47,3.58,"84,91,900","35,82,00,000",3.5725
"Oct 21, 2017",3.64,3.76,3.43,3.58,"1,06,66,600","36,44,77,000",3.6025
"Oct 20, 2017",3.89,3.97,3.63,3.66,"1,08,30,100","38,90,91,000",3.7875
"Oct 19, 2017",4.04,4.12,3.8,3.89,"88,40,030","40,40,68,000",3.9625
"Oct 18, 2017",3.93,4.1,3.66,4.04,"72,83,440","39,26,35,000",3.9325
"Oct 17, 2017",4.04,4.05,3.84,3.92,"49,54,490","40,40,05,000",3.9625
"Oct 16, 2017",3.8,4.14,3.65,4.02,"49,72,740","38,03,20,000",3.9025
"Oct 15, 2017",4.01,4.02,3.68,3.8,"43,84,340","40,10,32,000",3.8775
"Oct 14, 2017",3.98,4.09,3.81,4,"51,90,930","39,76,86,000",3.97
"Oct 13, 2017",3.69,4.03,3.59,3.97,"67,77,070","36,92,01,000",3.82
"Oct 12, 2017",4.18,4.2,3.69,3.69,"62,89,170","41,76,11,000",3.94
"Oct 11, 2017",4.11,4.41,4.08,4.18,"72,96,340","41,09,15,000",4.195
"Oct 10, 2017",4.11,4.26,3.92,4.12,"56,75,270","41,07,37,000",4.1025
"Oct 09, 2017",4.44,4.63,4.01,4.13,"66,98,160","44,39,37,000",4.3025
"Oct 08, 2017",5.01,5.04,4.44,4.44,"77,17,430","50,11,63,000",4.7325
"Oct 07, 2017",4.96,5.04,4.91,5.02,"67,60,300","49,58,16,000",4.9825
"Oct 06, 2017",4.97,5.1,4.91,4.97,"65,74,960","49,70,17,000",4.9875
"Oct 05, 2017",4.92,5.04,4.76,4.97,"68,04,000","49,17,95,000",4.9225
"Oct 04, 2017",4.74,5.08,4.71,4.91,"86,79,860","47,44,77,000",4.86
"Oct 03, 2017",4.87,5,4.67,4.73,"69,75,040","48,65,90,000",4.8175
"Oct 02, 2017",4.97,4.98,4.81,4.85,"74,22,400","49,73,44,000",4.9025
"Oct 01, 2017",5.03,5.05,4.84,4.97,"82,33,020","50,29,85,000",4.9725
"Sep 30, 2017",4.93,5.2,4.93,5.04,"74,80,680","49,31,43,000",5.025
"Sep 29, 2017",4.77,5.04,4.39,4.93,"85,15,820","47,67,43,000",4.7825
"Sep 28, 2017",5.17,5.17,4.73,4.78,"87,95,790","51,66,74,000",4.9625
"Sep 27, 2017",4.77,5.19,4.77,5.17,"1,14,47,500","47,74,61,000",4.975
"Sep 26, 2017",4.23,4.86,4.23,4.79,"77,13,420","42,28,07,000",4.5275
"Sep 25, 2017",3.97,4.3,3.92,4.23,"52,18,940","39,69,43,000",4.105
"Sep 24, 2017",3.97,3.98,3.8,3.97,"50,12,110","39,65,13,000",3.93
"Sep 23, 2017",3.76,3.99,3.71,3.97,"49,50,050","37,55,79,000",3.8575
"Sep 22, 2017",3.65,3.84,3.56,3.77,"27,23,740","36,50,50,000",3.705
"Sep 21, 2017",4.05,4.08,3.57,3.64,"29,14,710","40,54,45,000",3.835
"Sep 20, 2017",4.14,4.29,3.96,4.07,"39,10,370","41,35,10,000",4.115
"Sep 19, 2017",4.36,4.38,4,4.16,"34,03,370","43,57,01,000",4.225
"Sep 18, 2017",3.64,4.4,3.64,4.34,"40,80,300","36,37,99,000",4.005
"Sep 17, 2017",3.77,3.81,3.49,3.64,"34,06,720","37,65,69,000",3.6775
"Sep 16, 2017",3.77,3.9,3.49,3.76,"44,99,490","37,74,10,000",3.73
"Sep 15, 2017",3.12,3.94,2.8,3.78,"62,70,110","31,17,52,000",3.41
"Sep 14, 2017",3.95,4.05,3.09,3.09,"44,70,510","39,47,40,000",3.545
"Sep 13, 2017",4.36,4.36,3.75,3.95,"49,28,930","43,62,02,000",4.105
"Sep 12, 2017",4.35,4.61,4.26,4.38,"53,06,860","43,48,06,000",4.4
"Sep 11, 2017",4.44,4.57,4.16,4.35,"49,08,140","44,37,83,000",4.38
"Sep 10, 2017",4.45,4.58,3.99,4.41,"54,69,690","44,48,28,000",4.3575
"Sep 09, 2017",4.51,4.59,4.37,4.46,"54,06,880","45,10,34,000",4.4825
"Sep 08, 2017",4.99,5.03,4.28,4.5,"58,99,500","49,87,06,000",4.7
"Sep 07, 2017",5.1,5.13,4.9,4.98,"63,53,830","51,03,27,000",5.0275
"Sep 06, 2017",4.99,5.41,4.93,5.16,"60,69,650","49,92,59,000",5.1225
"Sep 05, 2017",4.68,5.1,4.32,4.98,"61,94,560","46,78,62,000",4.77
"Sep 04, 2017",5.2,5.21,4.24,4.66,"83,24,540","51,95,70,000",4.8275
"Sep 03, 2017",5.27,5.5,4.99,5.2,"51,74,780","52,68,27,000",5.24
"Sep 02, 2017",5.78,5.87,5.07,5.23,"66,08,910","57,76,88,000",5.4875
"Sep 01, 2017",5.95,6.1,5.72,5.74,"95,56,080","59,54,98,000",5.8775
"Aug 31, 2017",5.47,5.94,5.38,5.94,"94,71,090","54,68,51,000",5.6825
"Aug 30, 2017",5.44,5.49,5.13,5.48,"66,59,820","54,43,66,000",5.385
"Aug 29, 2017",5.27,5.47,5.13,5.45,"75,81,710","52,70,66,000",5.33
"Aug 28, 2017",5.22,5.41,5.02,5.26,"72,08,780","52,24,86,000",5.2275
"Aug 27, 2017",5.34,5.51,5.18,5.23,"72,12,980","53,42,42,000",5.315
"Aug 26, 2017",5.28,5.74,5.11,5.32,"91,23,230","52,82,42,000",5.3625
"Aug 25, 2017",5.02,5.46,4.94,5.27,"93,06,450","50,23,80,000",5.1725
"Aug 24, 2017",4.63,5.02,4.55,5.02,"35,37,820","46,34,03,000",4.805
"Aug 23, 2017",4.49,4.82,4.44,4.6,"29,89,630","44,90,53,000",4.5875
"Aug 22, 2017",4.38,4.74,3.81,4.46,"33,58,640","43,79,71,000",4.3475
"Aug 21, 2017",4.85,4.88,4.33,4.39,"40,64,960","48,52,18,000",4.6125
"Aug 20, 2017",4.43,4.92,4.29,4.86,"45,19,570","44,28,70,000",4.625
"Aug 19, 2017",4.3,4.45,4.1,4.43,"38,01,000","42,96,11,000",4.32
"Aug 18, 2017",4.57,4.73,4.1,4.3,"25,88,840","45,66,31,000",4.425
"Aug 17, 2017",4.81,4.95,4.46,4.58,"26,09,230","48,13,90,000",4.7
"Aug 16, 2017",4.8,4.96,4.58,4.83,"26,07,640","47,96,68,000",4.7925
"Aug 15, 2017",4.73,5.16,4.31,4.79,"51,07,560","47,30,33,000",4.7475
"Aug 14, 2017",4.83,5.04,4.54,4.72,"50,89,710","48,34,69,000",4.7825
"Aug 13, 2017",5.05,5.28,4.63,4.79,"58,23,330","50,47,05,000",4.9375
"Aug 12, 2017",5.58,5.58,4.89,5.05,"67,82,250","55,76,70,000",5.275
"Aug 11, 2017",5.6,5.78,5.13,5.54,"75,67,900","56,02,41,000",5.5125
"Aug 10, 2017",5.24,5.63,5.15,5.6,"75,01,860","52,43,75,000",5.405
"Aug 09, 2017",5.38,5.45,4.9,5.27,"49,60,110","53,82,44,000",5.25
"Aug 08, 2017",5.64,5.83,5.04,5.41,"68,67,910","56,40,66,000",5.48
"Aug 07, 2017",5.18,5.75,4.62,5.64,"77,92,050","51,82,33,000",5.2975
"Aug 06, 2017",4.32,5.37,4.29,5.21,"70,75,590","43,20,28,000",4.7975
"Aug 05, 2017",3.67,4.57,3.65,4.32,"48,31,480","36,72,28,000",4.0525
"Aug 04, 2017",3.87,4.13,3.59,3.67,"43,24,800","38,67,97,000",3.815
"Aug 03, 2017",3.54,3.96,3.46,3.84,"47,66,700","35,44,71,000",3.7
"Aug 02, 2017",3.02,3.6,2.96,3.51,"37,39,710","30,21,69,000",3.2725
"Aug 01, 2017",2.77,3.11,2.61,3.01,"32,57,400","27,73,90,000",2.875
"Jul 31, 2017",2.74,2.87,2.62,2.78,"26,51,760","27,38,12,000",2.7525
"Jul 30, 2017",2.87,2.93,2.72,2.72,"15,30,680","28,68,09,000",2.81
"Jul 29, 2017",2.98,3.06,2.69,2.87,"21,16,910","29,75,97,000",2.9
"Jul 28, 2017",2.76,3.11,2.45,3,"30,30,820","27,64,59,000",2.83
"Jul 27, 2017",2.74,2.84,2.6,2.75,"18,89,170","27,43,72,000",2.7325
"Jul 26, 2017",2.92,2.99,2.5,2.74,"30,13,790","29,16,23,000",2.7875
"Jul 25, 2017",3.52,3.56,2.76,2.91,"24,62,600","35,17,53,000",3.1875
"Jul 24, 2017",3.65,3.71,3.39,3.52,"18,13,130","36,45,82,000",3.5675
"Jul 23, 2017",3.9,3.97,3.5,3.65,"26,08,730","39,00,12,000",3.755
"Jul 22, 2017",3.24,4.17,3.23,3.9,"32,46,480","32,41,51,000",3.635
"Jul 21, 2017",3.26,3.44,3.13,3.24,"21,67,520","32,61,54,000",3.2675
"Jul 20, 2017",2.61,3.43,2.61,3.25,"21,64,540","26,09,70,000",2.975
"Jul 19, 2017",2.83,2.87,2.53,2.64,"20,96,680","28,28,47,000",2.7175
"Jul 18, 2017",2.52,2.95,2.38,2.83,"23,25,000","25,23,29,000",2.67
"Jul 17, 2017",1.97,2.52,1.94,2.52,"19,09,110","19,69,39,000",2.2375
"Jul 16, 2017",2.01,2.06,1.77,1.97,"16,77,160","20,12,11,000",1.9525
"Jul 15, 2017",2.43,2.43,1.98,2.04,"28,60,750","24,27,05,000",2.22
"Jul 14, 2017",2.89,2.89,2.33,2.43,"24,39,500","28,94,95,000",2.635
"Jul 13, 2017",3.05,3.09,2.72,2.9,"17,34,160","30,52,63,000",2.94
"Jul 12, 2017",2.59,3.05,2.42,3.05,"19,30,340","25,87,27,000",2.7775
"Jul 11, 2017",2.79,2.96,2.49,2.59,"31,52,450","27,88,27,000",2.7075
"Jul 10, 2017",3.74,3.76,2.73,2.82,"26,38,830","37,38,06,000",3.2625
"Jul 09, 2017",3.92,3.94,3.75,3.75,"12,25,380","39,21,18,000",3.84
"Jul 08, 2017",3.79,3.93,3.5,3.93,"14,12,280","37,94,03,000",3.7875
"Jul 07, 2017",4.33,4.36,3.71,3.77,"26,31,630","43,27,14,000",4.0425
"Jul 06, 2017",4.58,4.65,4.24,4.34,"29,39,230","45,77,40,000",4.4525
"Jul 05, 2017",4.32,4.79,4.28,4.56,"57,33,020","43,18,55,000",4.4875
"Jul 04, 2017",3.79,4.49,3.75,4.32,"52,14,290","37,89,85,000",4.0875
"Jul 03, 2017",3.61,3.87,3.48,3.81,"26,25,710","36,11,16,000",3.6925
"Jul 02, 2017",3.7,3.71,3.51,3.62,"22,39,090","36,96,37,000",3.635
"Jul 01, 2017",3.57,4.08,3.53,3.7,"26,15,170","35,70,30,000",3.72
"Jun 30, 2017",3.95,3.97,3.51,3.57,"20,36,280","39,45,15,000",3.75
"Jun 29, 2017",4.24,4.28,3.9,3.91,"16,39,660","42,39,77,000",4.0825
"Jun 28, 2017",4.31,4.34,4.03,4.24,"27,72,690","43,13,91,000",4.23
"Jun 27, 2017",3.95,4.31,3.66,4.29,"24,39,380","39,51,39,000",4.0525
"Jun 26, 2017",4.64,4.65,3.53,3.83,"65,62,970","46,44,48,000",4.1625
"Jun 25, 2017",4.88,4.96,4.45,4.62,"30,48,820","48,84,43,000",4.7275
"Jun 24, 2017",5.21,5.34,4.73,4.86,"24,00,890","52,14,88,000",5.035
"Jun 23, 2017",4.91,5.36,4.81,5.21,"21,66,710","49,12,11,000",5.0725
"Jun 22, 2017",4.91,5.05,4.8,4.92,"20,58,720","49,07,81,000",4.92
"Jun 21, 2017",5.06,5.12,4.87,4.89,"25,05,130","50,61,26,000",4.985
"Jun 20, 2017",5.15,5.33,4.93,5.07,"34,40,970","51,49,43,000",5.12
"Jun 19, 2017",5.02,5.3,4.93,5.15,"32,98,260","50,22,46,000",5.1
"Jun 18, 2017",5.17,5.33,4.98,4.99,"14,59,430","51,72,99,000",5.1175
"Jun 17, 2017",5.16,5.38,5.03,5.18,"20,57,140","51,62,62,000",5.1875
"Jun 16, 2017",5.28,5.42,4.95,5.16,"19,20,540","52,78,68,000",5.2025
"Jun 15, 2017",5.09,5.36,4.34,5.28,"31,32,730","50,88,17,000",5.0175
"Jun 14, 2017",5.82,6,4.99,5.09,"23,77,380","58,22,70,000",5.475
"Jun 13, 2017",5.33,5.86,5.23,5.77,"26,66,350","53,26,27,000",5.5475
"Jun 12, 2017",6.31,6.49,4.94,5.36,"29,13,670","63,11,05,000",5.775
"Jun 11, 2017",5.67,6.4,5.63,6.32,"29,39,820","56,68,58,000",6.005
"Jun 10, 2017",6.34,7.01,5.5,5.82,"51,24,700","63,44,69,000",6.1675
"Jun 09, 2017",5.82,7,5.74,6.34,"39,63,370","58,15,50,000",6.225
"Jun 08, 2017",5.29,5.92,5.09,5.82,"29,84,740","52,85,17,000",5.53
"Jun 07, 2017",5.48,5.48,4.86,5.27,"24,48,950","54,84,27,000",5.2725
"Jun 06, 2017",5.69,5.69,4.94,5.51,"44,67,540","56,85,31,000",5.4575
"Jun 05, 2017",5.33,5.69,5.24,5.64,"30,95,220","53,34,05,000",5.475
"Jun 04, 2017",5.16,5.58,4.44,5.35,"44,47,070","51,63,57,000",5.1325
"Jun 03, 2017",4.69,6.51,4.61,5.19,"1,01,24,100","46,86,17,000",5.25
"Jun 02, 2017",3.4,4.64,3.4,4.53,"49,88,350","34,03,71,000",3.9925
"Jun 01, 2017",2.94,3.53,2.93,3.44,"32,24,130","29,40,35,000",3.21
"May 31, 2017",2.43,3.08,2.39,2.95,"22,33,740","24,27,99,000",2.7125
"May 30, 2017",2.7,2.76,2.38,2.38,"20,66,020","26,97,73,000",2.555
"May 29, 2017",2.48,2.76,2.27,2.68,"14,75,750","24,77,86,000",2.5475
"May 28, 2017",2.26,2.74,2.26,2.47,"12,73,880","22,55,88,000",2.4325
"May 27, 2017",2.49,2.61,1.74,2.25,"20,19,910","24,90,88,000",2.2725
"May 26, 2017",2.35,2.95,2.33,2.49,"19,94,070","23,51,76,000",2.53
"May 25, 2017",2.83,2.95,2.29,2.36,"22,80,980","28,29,49,000",2.6075
"May 24, 2017",2.64,3.07,2.51,2.75,"25,49,760","26,37,89,000",2.7425
"May 23, 2017",1.88,2.75,1.88,2.57,"36,40,250","18,82,12,000",2.27
"May 22, 2017",1.77,1.98,1.75,1.87,"16,96,230","17,68,18,000",1.8425
"May 21, 2017",1.64,1.79,1.64,1.77,"14,98,620","16,37,62,000",1.71
"May 20, 2017",1.57,1.65,1.49,1.64,"10,19,880","15,68,86,000",1.5875
"May 19, 2017",1.39,1.61,1.37,1.57,"14,23,940","13,90,98,000",1.485
"May 18, 2017",1.28,1.4,1.28,1.38,"9,12,823","12,84,94,000",1.335
"May 17, 2017",1.27,1.43,1.25,1.34,"13,48,780","12,67,82,000",1.3225
"May 16, 2017",1.42,1.42,1.24,1.26,"12,09,240","14,18,28,000",1.335
"May 15, 2017",1.37,1.46,1.32,1.4,"16,64,930","13,74,97,000",1.3875
"May 14, 2017",1.19,1.42,1.19,1.37,"21,76,080","11,94,76,000",1.2925
"May 13, 2017",1.11,1.21,1.07,1.19,"15,59,600","11,09,83,000",1.145
"May 12, 2017",1.22,1.26,0.799024,1.11,"10,06,640","12,15,33,000",1.097256
"May 11, 2017",1.21,1.33,1.15,1.2,"16,06,360","12,14,49,000",1.2225
"May 10, 2017",0.910802,1.36,0.904453,1.2,"28,97,830","9,10,80,200",1.09381375
"May 09, 2017",0.830627,1.11,0.815311,0.917445,"8,45,264","8,30,62,700",0.91834575
"May 08, 2017",0.800956,0.853055,0.765106,0.818904,"6,20,587","8,00,95,600",0.80950525
"May 07, 2017",0.767301,0.843241,0.752029,0.789317,"6,89,834","7,67,30,100",0.787972
"May 06, 2017",0.733379,0.815748,0.716798,0.798015,"5,26,869","7,33,37,900",0.765985
"May 05, 2017",0.718197,0.782981,0.713954,0.732555,"5,00,678","7,18,19,700",0.73692175
"May 04, 2017",0.669921,0.751036,0.66586,0.715918,"4,50,198","6,69,92,100",0.70068375
"May 03, 2017",0.622717,0.675319,0.599816,0.669789,"4,43,313","6,22,71,700",0.64191025
"May 02, 2017",0.597314,0.6223,0.566792,0.6223,"3,19,906","5,97,31,400",0.6021765
"May 01, 2017",0.599764,0.630785,0.581609,0.597523,"3,63,535","5,99,76,400",0.60242025
"Apr 30, 2017",0.584291,0.61952,0.577786,0.593739,"2,65,313","5,84,29,100",0.593834
"Apr 29, 2017",0.602079,0.624092,0.572405,0.58611,"3,34,335","6,02,07,900",0.5961715
"Apr 28, 2017",0.559614,0.600954,0.529378,0.600954,"3,77,319","5,59,61,400",0.572725
"Apr 27, 2017",0.558109,0.571005,0.526808,0.559958,"3,50,409","5,58,10,900",0.55397
"Apr 26, 2017",0.549625,0.579819,0.545577,0.557545,"4,07,189","5,49,62,500",0.5581415
"Apr 25, 2017",0.562252,0.577594,0.530378,0.549486,"4,84,929","5,62,25,200",0.5549275
"Apr 24, 2017",0.563522,0.61486,0.541515,0.562138,"6,81,177","5,63,52,200",0.57050875
"Apr 23, 2017",0.473141,0.559936,0.473141,0.559936,"4,79,973","4,73,14,100",0.5165385
"Apr 22, 2017",0.460812,0.489511,0.456272,0.478201,"1,95,745","4,60,81,200",0.471199
"Apr 21, 2017",0.461387,0.471075,0.444341,0.4605,"1,80,213","4,61,38,700",0.45932575
"Apr 20, 2017",0.457924,0.478858,0.439249,0.457231,"3,02,686","4,57,92,400",0.4583155
"Apr 19, 2017",0.431306,0.4588,0.421073,0.457649,"3,79,471","4,31,30,600",0.442207
"Apr 18, 2017",0.445136,0.46271,0.427708,0.431094,"2,57,694","4,45,13,600",0.441662
"Apr 17, 2017",0.432989,0.569558,0.418365,0.444683,"3,13,608","4,32,98,900",0.46639875
"Apr 16, 2017",0.426076,0.43918,0.41877,0.432685,"96,846","4,26,07,600",0.42917775
"Apr 15, 2017",0.429279,0.45149,0.415093,0.425766,"2,11,117","4,29,27,900",0.430407
"Apr 14, 2017",0.437399,0.439311,0.414465,0.429333,"1,31,218","4,37,39,900",0.430127
"Apr 13, 2017",0.419051,0.437475,0.407009,0.437049,"2,00,220","4,19,05,100",0.425146
"Apr 12, 2017",0.447296,0.456914,0.41595,0.418725,"3,73,385","4,47,29,600",0.43472125
"Apr 11, 2017",0.414604,0.451126,0.413837,0.447008,"2,66,946","4,14,60,400",0.43164375
"Apr 10, 2017",0.392784,0.427879,0.382493,0.414832,"2,59,204","3,92,78,400",0.404497
"Apr 09, 2017",0.380948,0.402589,0.380195,0.392766,"1,90,894","3,80,94,800",0.3891245
"Apr 08, 2017",0.385098,0.392065,0.378961,0.380812,"1,42,979","3,85,09,800",0.384234
"Apr 07, 2017",0.399457,0.400531,0.385907,0.38624,"3,05,879","3,99,45,700",0.39303375
"Apr 06, 2017",0.417807,0.417807,0.39249,0.400497,"2,60,516","4,17,80,700",0.40715025
"Apr 05, 2017",0.370886,0.417769,0.364375,0.417318,"3,79,711","3,70,88,600",0.392587
"Apr 04, 2017",0.383605,0.385438,0.362827,0.370456,"2,04,891","3,83,60,500",0.3755815
"Apr 03, 2017",0.343736,0.386078,0.343736,0.383308,"2,79,890","3,43,73,600",0.3642145
"Apr 02, 2017",0.350045,0.370202,0.344632,0.344632,"3,51,514","3,50,04,500",0.35237775
"Apr 01, 2017",0.376644,0.380867,0.347324,0.350208,"3,12,547","3,76,64,400",0.36376075
"Mar 31, 2017",0.381456,0.393676,0.360378,0.376973,"2,74,899","3,81,45,600",0.37812075
"Mar 30, 2017",0.402779,0.409678,0.361227,0.381375,"3,46,511","4,02,77,900",0.38876475
"Mar 29, 2017",0.374042,0.403952,0.361859,0.401914,"2,97,157","3,74,04,200",0.38544175
"Mar 28, 2017",0.358403,0.376971,0.338538,0.374437,"2,29,631","3,58,40,300",0.36208725
"Mar 27, 2017",0.322498,0.388574,0.319586,0.361338,"2,88,109","3,22,49,800",0.347999
"Mar 26, 2017",0.296388,0.331441,0.293033,0.318849,"2,30,424","2,96,38,800",0.30992775
"Mar 25, 2017",0.280876,0.302105,0.274906,0.301237,"2,70,956","2,80,87,600",0.289781
"Mar 24, 2017",0.272689,0.280473,0.256621,0.280473,"2,63,578","2,72,68,900",0.272564
"Mar 23, 2017",0.275336,0.278885,0.265831,0.27272,"1,44,537","2,75,33,600",0.273193
"Mar 22, 2017",0.290401,0.293072,0.266216,0.272987,"1,61,794","2,90,40,100",0.280669
"Mar 21, 2017",0.283693,0.294162,0.278371,0.290301,"1,69,660","2,83,69,300",0.28663175
"Mar 20, 2017",0.283642,0.289737,0.262839,0.284629,"1,57,842","2,83,64,200",0.28021175
"Mar 19, 2017",0.263923,0.29801,0.249029,0.278302,"1,84,119","2,63,92,300",0.272316
"Mar 18, 2017",0.267754,0.293936,0.261564,0.261998,"2,30,859","2,67,75,400",0.271313
"Mar 17, 2017",0.310492,0.312802,0.267556,0.268144,"2,12,021","3,10,49,200",0.2897485
"Mar 16, 2017",0.301281,0.31802,0.282742,0.310488,"2,36,331","3,01,28,100",0.30313275
"Mar 15, 2017",0.25536,0.315697,0.253191,0.304406,"3,99,122","2,55,36,000",0.2821635
"Mar 14, 2017",0.271487,0.288021,0.252472,0.253599,"2,09,764","2,71,48,700",0.26639475
"Mar 13, 2017",0.257629,0.291214,0.252272,0.2724,"6,91,705","2,57,62,900",0.26837875
"Mar 12, 2017",0.218868,0.27365,0.218868,0.256818,"10,56,330","2,18,86,800",0.242051
"Mar 11, 2017",0.19919,0.219794,0.19826,0.219194,"1,69,005","1,99,19,000",0.2091095
"Mar 10, 2017",0.205773,0.216642,0.188422,0.199242,"1,89,922","2,05,77,300",0.20251975
"Mar 09, 2017",0.195629,0.213851,0.193981,0.205576,"2,39,611","1,95,62,900",0.20225925
"Mar 08, 2017",0.214018,0.214783,0.195051,0.195051,"1,99,352","2,14,01,800",0.20472575
"Mar 07, 2017",0.238997,0.24684,0.213932,0.214041,"2,49,683","2,38,99,700",0.2284525
"Mar 06, 2017",0.2274,0.254325,0.221468,0.239479,"3,16,545","2,27,40,000",0.235668
"Mar 05, 2017",0.195634,0.240424,0.195244,0.22879,"1,04,482","1,95,63,400",0.215023
"Mar 04, 2017",0.202559,0.207228,0.194263,0.195779,"35,096","2,02,55,900",0.19995725
"Mar 03, 2017",0.188894,0.205388,0.187257,0.202294,"54,215","1,88,89,400",0.19595825
"Mar 02, 2017",0.19598,0.196723,0.184484,0.188478,"1,21,697","1,95,98,000",0.19141625
"Mar 01, 2017",0.195773,0.204338,0.187515,0.196167,"76,347","1,95,77,300",0.19594825
"Feb 28, 2017",0.222308,0.223652,0.186401,0.195859,"1,80,411","2,22,30,800",0.207055
"Feb 27, 2017",0.215505,0.224083,0.21423,0.221919,"56,478","2,15,50,500",0.21893425
"Feb 26, 2017",0.214944,0.225557,0.211723,0.215897,"57,827","2,14,94,400",0.21703025
"Feb 25, 2017",0.220641,0.226877,0.213987,0.214795,"78,333","2,20,64,100",0.219075
"Feb 24, 2017",0.219205,0.227527,0.209458,0.221182,"63,823","2,19,20,500",0.219343
"Feb 23, 2017",0.225702,0.227335,0.217967,0.221672,"57,350","2,25,70,200",0.223169
"Feb 22, 2017",0.219185,0.230045,0.215918,0.225359,"45,672","2,19,18,500",0.22262675
"Feb 21, 2017",0.246123,0.249467,0.216913,0.220769,"91,137","2,46,12,300",0.233318
"Feb 20, 2017",0.241112,0.246662,0.229058,0.246662,"59,416","2,41,11,200",0.2408735
"Feb 19, 2017",0.245001,0.248385,0.218668,0.240916,"90,623","2,45,00,100",0.2382425
"Feb 18, 2017",0.25302,0.255236,0.240745,0.241144,"50,274","2,53,02,000",0.24753625
"Feb 17, 2017",0.24964,0.256706,0.245884,0.252515,"50,195","2,49,64,000",0.25118625
"Feb 16, 2017",0.244863,0.253635,0.240507,0.247579,"60,036","2,44,86,300",0.246646
"Feb 15, 2017",0.242867,0.267794,0.239555,0.244826,"75,001","2,42,86,700",0.2487605
"Feb 14, 2017",0.24728,0.292378,0.235926,0.242459,"1,55,975","2,47,28,000",0.25451075
"Feb 13, 2017",0.249963,0.255616,0.244111,0.247048,"16,161","2,49,96,300",0.2491845
"Feb 12, 2017",0.242385,0.255339,0.237445,0.250045,"32,411","2,42,38,500",0.2463035
"Feb 11, 2017",0.236772,0.255465,0.235074,0.242829,"48,287","2,36,77,200",0.242535
"Feb 10, 2017",0.248457,0.248457,0.228538,0.236728,"29,023","2,48,45,700",0.240545
"Feb 09, 2017",0.264961,0.275651,0.226939,0.248226,"42,759","2,64,96,100",0.25394425
"Feb 08, 2017",0.256042,0.271628,0.251599,0.264578,"25,869","2,56,04,200",0.26096175
"Feb 07, 2017",0.264975,0.272827,0.245773,0.255401,"41,996","2,64,97,500",0.259744
"Feb 06, 2017",0.224744,0.268761,0.224695,0.264725,"99,127","2,24,74,400",0.24573125
"Feb 05, 2017",0.221326,0.229594,0.210982,0.224531,"49,044","2,21,32,600",0.22160825
"Feb 04, 2017",0.229471,0.27844,0.216717,0.220949,"58,343","2,29,47,100",0.23639425
"Feb 03, 2017",0.211934,0.238302,0.208672,0.229165,"1,15,689","2,11,93,400",0.22201825
"Feb 02, 2017",0.230837,0.252398,0.20988,0.211941,"32,076","2,30,83,700",0.226264
"Feb 01, 2017",0.225868,0.242263,0.225868,0.234411,"24,365","2,25,86,800",0.2321025
"Jan 31, 2017",0.23227,0.239479,0.215932,0.225899,"33,927","2,32,27,000",0.228395
"Jan 30, 2017",0.239089,0.241631,0.23217,0.232355,"35,015","2,39,08,900",0.23631125
"Jan 29, 2017",0.244771,0.245076,0.235614,0.239095,"53,622","2,44,77,100",0.241139
"Jan 28, 2017",0.236543,0.245049,0.236543,0.244768,"18,724","2,36,54,300",0.24072575
"Jan 27, 2017",0.236286,0.242014,0.235795,0.236538,"36,451","2,36,28,600",0.23765825
"Jan 26, 2017",0.234656,0.243566,0.231989,0.239054,"40,554","2,34,65,600",0.23731625
"Jan 25, 2017",0.233714,0.239238,0.229818,0.234391,"22,286","2,33,71,400",0.23429025
"Jan 24, 2017",0.241708,0.244825,0.233464,0.233617,"22,123","2,41,70,800",0.2384035
"Jan 23, 2017",0.249808,0.252383,0.236861,0.240485,"37,598","2,49,80,800",0.24488425
"Jan 22, 2017",0.241583,0.256182,0.237679,0.249543,"21,406","2,41,58,300",0.24624675
"Jan 21, 2017",0.234779,0.249237,0.234673,0.248517,"23,460","2,34,77,900",0.2418015
"Jan 20, 2017",0.235298,0.243083,0.234281,0.234781,"7,215","2,35,29,800",0.23686075
"Jan 19, 2017",0.252644,0.257332,0.225879,0.235389,"33,177","2,52,64,400",0.242811
"Jan 18, 2017",0.245127,0.256496,0.225539,0.251703,"34,180","2,45,12,700",0.24471625
"Jan 17, 2017",0.236775,0.248973,0.229462,0.244976,"36,356","2,36,77,500",0.2400465
"Jan 16, 2017",0.237278,0.268876,0.226471,0.235443,"57,903","2,37,27,800",0.242017
"Jan 15, 2017",0.232277,0.266309,0.219905,0.237287,"42,740","2,32,27,700",0.2389445
"Jan 14, 2017",0.218795,0.232582,0.211031,0.23236,"33,042","2,18,79,500",0.223692
"Jan 13, 2017",0.205282,0.219983,0.193755,0.21854,"14,030","2,05,28,200",0.20939
"Jan 12, 2017",0.201159,0.213527,0.190886,0.205409,"13,289","2,01,15,900",0.20274525
"Jan 11, 2017",0.224888,0.227626,0.188188,0.201445,"29,956","2,24,88,800",0.21053675
"Jan 10, 2017",0.218333,0.226693,0.213599,0.224858,"14,961","2,18,33,300",0.22087075
"Jan 09, 2017",0.21377,0.218672,0.204933,0.218432,"29,743","2,13,77,000",0.21395175
"Jan 08, 2017",0.217584,0.225252,0.206544,0.213541,"18,438","2,17,58,400",0.21573025
"Jan 07, 2017",0.212612,0.226794,0.193454,0.21758,"42,203","2,12,61,200",0.21261
"Jan 06, 2017",0.233647,0.25229,0.185458,0.209126,"62,838","2,33,64,700",0.22013025
"Jan 05, 2017",0.241558,0.267572,0.202394,0.233087,"28,182","2,41,55,800",0.23615275
"Jan 04, 2017",0.239891,0.258459,0.227535,0.241312,"75,184","2,39,89,100",0.24179925
"Jan 03, 2017",0.232669,0.247829,0.219481,0.23993,"28,997","2,32,66,900",0.23497725
"Jan 02, 2017",0.221429,0.240444,0.213599,0.232679,"37,158","2,21,42,900",0.22703775
"Jan 01, 2017",0.250866,0.252416,0.216586,0.221322,"35,423","2,50,86,600",0.2352975
"Dec 31, 2016",0.229221,0.255988,0.225286,0.250915,"48,047","2,29,22,100",0.2403525
"Dec 30, 2016",0.209097,0.234272,0.198459,0.229198,"26,185","2,09,09,700",0.2177565
"Dec 29, 2016",0.184368,0.213055,0.183166,0.209107,"49,410","1,84,36,800",0.197424
"Dec 28, 2016",0.187757,0.201053,0.172862,0.184335,"52,386","1,87,75,700",0.18650175
"Dec 27, 2016",0.203464,0.204119,0.183441,0.18765,"54,308","2,03,46,400",0.1946685
"Dec 26, 2016",0.206292,0.20965,0.190706,0.203346,"29,712","2,06,29,200",0.2024985
"Dec 25, 2016",0.185444,0.209727,0.185142,0.203149,"26,826","1,85,44,400",0.1958655
"Dec 24, 2016",0.195754,0.201315,0.184017,0.185382,"32,473","1,95,75,400",0.191617
"Dec 23, 2016",0.192078,0.204874,0.189696,0.195658,"45,692","1,92,07,800",0.1955765
"Dec 22, 2016",0.194848,0.202327,0.170037,0.192144,"73,752","1,94,84,800",0.189839
"Dec 21, 2016",0.212543,0.212543,0.166089,0.194936,"1,36,469","2,12,54,300",0.19652775
"Dec 20, 2016",0.217354,0.223238,0.202694,0.215132,"70,993","2,17,35,400",0.2146045
"Dec 19, 2016",0.228585,0.232416,0.216721,0.217514,"39,801","2,28,58,500",0.223809
"Dec 18, 2016",0.239889,0.247294,0.217304,0.228503,"21,916","2,39,88,900",0.2332475
"Dec 17, 2016",0.244466,0.245191,0.229827,0.239883,"18,214","2,44,46,600",0.23984175
"Dec 16, 2016",0.221172,0.25122,0.221172,0.244364,"31,752","2,21,17,200",0.234482
"Dec 15, 2016",0.221062,0.227735,0.217328,0.221215,"15,290","2,21,06,200",0.221835
"Dec 14, 2016",0.233616,0.233767,0.21785,0.220986,"25,330","2,33,61,600",0.22655475
"Dec 13, 2016",0.228833,0.234383,0.222732,0.233896,"18,928","2,28,83,300",0.229961
"Dec 12, 2016",0.228827,0.237223,0.222623,0.228836,"40,733","2,28,82,700",0.22937725
"Dec 11, 2016",0.232955,0.235504,0.222893,0.228768,"20,208","2,32,95,500",0.23003
"Dec 10, 2016",0.23501,0.239101,0.230247,0.232927,"9,008","2,35,01,000",0.23432125
"Dec 09, 2016",0.236414,0.239383,0.231298,0.23304,"18,126","2,36,41,400",0.23503375
"Dec 08, 2016",0.244352,0.245671,0.232196,0.23646,"23,638","2,44,35,200",0.23966975
"Dec 07, 2016",0.232522,0.245706,0.225969,0.244357,"26,844","2,32,52,200",0.2371385
"Dec 06, 2016",0.231252,0.235889,0.219457,0.232497,"38,582","2,31,25,200",0.22977375
"Dec 05, 2016",0.235707,0.238281,0.227388,0.23124,"33,659","2,35,70,700",0.233154
"Dec 04, 2016",0.247453,0.248232,0.234507,0.237717,"51,360","2,47,45,300",0.24197725
"Dec 03, 2016",0.246223,0.254039,0.233871,0.239607,"43,557","2,46,22,300",0.243435
"Dec 02, 2016",0.246144,0.257214,0.235119,0.24616,"53,633","2,46,14,400",0.24615925
"Dec 01, 2016",0.252796,0.264845,0.240949,0.245879,"38,650","2,52,79,600",0.25111725
"Nov 30, 2016",0.259694,0.266238,0.23751,0.252707,"69,225","2,59,69,400",0.25403725
"Nov 29, 2016",0.309466,0.311222,0.26237,0.26237,"1,29,518","3,09,46,600",0.286357
"Nov 28, 2016",0.257468,0.309542,0.232103,0.309469,"94,741","2,57,46,800",0.2771455
"Nov 27, 2016",0.217183,0.269637,0.20208,0.257451,"72,829","2,17,18,300",0.23658775
"Nov 26, 2016",0.233087,0.236042,0.20151,0.217379,"1,02,524","2,33,08,700",0.2220045
"Nov 25, 2016",0.261308,0.261411,0.231912,0.233079,"52,721","2,61,30,800",0.2469275
"Nov 24, 2016",0.272892,0.278052,0.222907,0.259016,"1,40,550","2,72,89,200",0.25821675
"Nov 23, 2016",0.278871,0.282579,0.267595,0.272901,"38,300","2,78,87,100",0.2754865
"Nov 22, 2016",0.288726,0.293075,0.26369,0.278878,"75,607","2,88,72,600",0.28109225
"Nov 21, 2016",0.277276,0.296858,0.26984,0.288821,"77,955","2,77,27,600",0.28319875
"Nov 20, 2016",0.307578,0.308293,0.266894,0.277263,"1,00,018","3,07,57,800",0.290007
"Nov 19, 2016",0.297404,0.325296,0.274938,0.294224,"1,64,366","2,97,40,400",0.2979655
"Nov 18, 2016",0.324682,0.342768,0.251798,0.297482,"3,08,090","3,24,68,200",0.3041825
"Nov 17, 2016",0.332274,0.350919,0.319432,0.325359,"1,64,967","3,32,27,400",0.331996
"Nov 16, 2016",0.357755,0.370819,0.323317,0.332264,"2,00,041","3,57,75,500",0.34603875
"Nov 15, 2016",0.380376,0.381406,0.326087,0.357763,"2,36,251","3,80,37,600",0.361408
"Nov 14, 2016",0.390318,0.403339,0.367982,0.380149,"1,68,500","3,90,31,800",0.385447
"Nov 13, 2016",0.400946,0.402169,0.371146,0.39035,"1,25,585","4,00,94,600",0.39115275
"Nov 12, 2016",0.376225,0.401718,0.37464,0.400963,"1,67,249","3,76,22,500",0.3883865
"Nov 11, 2016",0.375612,0.385704,0.365823,0.379701,"87,279","3,75,61,200",0.37671
"Nov 10, 2016",0.369028,0.379294,0.353889,0.375629,"1,36,051","3,69,02,800",0.36946
"Nov 09, 2016",0.349111,0.378728,0.344728,0.368976,"2,08,008","3,49,11,100",0.36038575
"Nov 08, 2016",0.351722,0.362888,0.346265,0.349219,"78,647","3,51,72,200",0.3525235
"Nov 07, 2016",0.368332,0.368332,0.350295,0.351602,"1,02,888","3,68,33,200",0.35964025
"Nov 06, 2016",0.349855,0.368381,0.345516,0.368279,"1,12,262","3,49,85,500",0.35800775
"Nov 05, 2016",0.340519,0.351866,0.335293,0.349872,"65,271","3,40,51,900",0.3443875
"Nov 04, 2016",0.346339,0.35131,0.333187,0.340576,"90,495","3,46,33,900",0.342853
"Nov 03, 2016",0.352932,0.355104,0.322087,0.345537,"2,12,870","3,52,93,200",0.343915
"Nov 02, 2016",0.34587,0.352219,0.333165,0.352219,"58,897","3,45,87,000",0.34586825
"Nov 01, 2016",0.327994,0.369402,0.324686,0.345782,"1,29,183","3,27,99,400",0.341966
"Oct 31, 2016",0.351085,0.357265,0.310256,0.328016,"2,34,987","3,51,08,500",0.3366555
"Oct 30, 2016",0.346716,0.361177,0.336175,0.353743,"2,49,473","3,46,71,600",0.34945275
"Oct 29, 2016",0.337976,0.36512,0.335099,0.346814,"2,55,905","3,37,97,600",0.34625225
"Oct 28, 2016",0.329377,0.353782,0.322169,0.337918,"2,06,322","3,29,37,700",0.3358115
"Oct 27, 2016",0.333538,0.349385,0.304217,0.329201,"4,09,265","3,33,53,800",0.32908525
"Oct 26, 2016",0.35485,0.372511,0.32581,0.333643,"5,15,087","3,54,85,000",0.3467035
"Oct 25, 2016",0.338272,0.359556,0.318386,0.355961,"3,07,680","3,38,27,200",0.34304375
"Oct 24, 2016",0.313694,0.343383,0.289241,0.338372,"5,17,981","3,13,69,400",0.3211725
"Oct 23, 2016",0.275368,0.313654,0.258753,0.31363,"3,24,055","2,75,36,800",0.29035125
"Oct 22, 2016",0.243773,0.29442,0.237765,0.288693,"2,11,276","2,43,77,300",0.26616275
"Oct 21, 2016",0.24055,0.249106,0.238835,0.243799,"39,153","2,40,55,000",0.2430725
"Oct 20, 2016",0.249149,0.254709,0.23986,0.240599,"75,405","2,49,14,900",0.24607925
"Oct 19, 2016",0.245588,0.275046,0.244553,0.249335,"3,26,732","2,45,58,800",0.2536305
"Oct 18, 2016",0.244298,0.251239,0.238786,0.245576,"1,46,243","2,44,29,800",0.24497475
"Oct 17, 2016",0.2353,0.249218,0.224345,0.244299,"1,77,063","2,35,30,000",0.2382905
"Oct 16, 2016",0.223463,0.252834,0.223463,0.235213,"2,36,807","2,23,46,300",0.23374325
"Oct 15, 2016",0.209689,0.235211,0.207747,0.223403,"1,36,396","2,09,68,900",0.2190125
"Oct 14, 2016",0.205808,0.209679,0.203767,0.209668,"76,178","2,05,80,800",0.2072305
"Oct 13, 2016",0.212851,0.212862,0.205273,0.205778,"41,826","2,12,85,100",0.209191
"Oct 12, 2016",0.209567,0.214617,0.206585,0.212963,"30,333","2,09,56,700",0.210933
"Oct 11, 2016",0.20994,0.214636,0.205079,0.209706,"85,220","2,09,94,000",0.20984025
"Oct 10, 2016",0.212307,0.21329,0.206992,0.209878,"27,118","2,12,30,700",0.21061675
"Oct 09, 2016",0.21253,0.218758,0.210365,0.212259,"58,742","2,12,53,000",0.213478
"Oct 08, 2016",0.203817,0.219439,0.201176,0.21252,"50,465","2,03,81,700",0.209238
"Oct 07, 2016",0.210987,0.219438,0.20022,0.203778,"1,36,663","2,10,98,700",0.20860575
"Oct 06, 2016",0.213054,0.219085,0.202732,0.211073,"1,15,933","2,13,05,400",0.211486
"Oct 05, 2016",0.211028,0.221884,0.201197,0.213118,"2,36,077","2,11,02,800",0.21180675
"Oct 04, 2016",0.192553,0.212923,0.191543,0.205533,"1,10,394","1,92,55,300",0.200638
"Oct 03, 2016",0.187457,0.201422,0.187457,0.1927,"65,785","1,87,45,700",0.192259
"Oct 02, 2016",0.18593,0.196948,0.185408,0.196629,"27,277","1,85,93,000",0.19122875
"Oct 01, 2016",0.196727,0.20247,0.183754,0.185924,"68,996","1,96,72,700",0.19221875
"Sep 30, 2016",0.173184,0.211151,0.166342,0.196706,"1,43,538","1,73,18,400",0.18684575
"Sep 29, 2016",0.173112,0.177495,0.16982,0.173167,"42,652","1,73,11,200",0.1733985
"Sep 28, 2016",0.173638,0.176809,0.168299,0.17312,"25,885","1,73,63,800",0.1729665
"Sep 27, 2016",0.173455,0.177948,0.167586,0.173631,"41,339","1,73,45,500",0.173155
"Sep 26, 2016",0.174919,0.179164,0.172117,0.173482,"36,526","1,74,91,900",0.1749205
"Sep 25, 2016",0.181472,0.18613,0.171925,0.174928,"62,099","1,81,47,200",0.17861375
"Sep 24, 2016",0.186618,0.191166,0.17241,0.181455,"68,776","1,86,61,800",0.18291225
"Sep 23, 2016",0.196,0.196,0.177327,0.186626,"38,658","1,96,00,000",0.18898825
"Sep 22, 2016",0.199532,0.200834,0.178509,0.195984,"53,944","1,99,53,200",0.19371475
"Sep 21, 2016",0.215452,0.215452,0.199348,0.199509,"1,27,409","2,15,45,200",0.20744025
"Sep 20, 2016",0.19137,0.218684,0.191135,0.215727,"1,71,638","1,91,37,000",0.204229
"Sep 19, 2016",0.184662,0.191706,0.181894,0.191414,"42,683","1,84,66,200",0.187419
"Sep 18, 2016",0.179176,0.186652,0.174235,0.186632,"55,809","1,79,17,600",0.18167375
"Sep 17, 2016",0.165142,0.18374,0.16301,0.179221,"89,094","1,65,14,200",0.17277825
"Sep 16, 2016",0.165596,0.171673,0.162727,0.167791,"12,703","1,65,59,600",0.16694675
"Sep 15, 2016",0.173054,0.175911,0.162735,0.1656,"43,596","1,73,05,400",0.169325
"Sep 14, 2016",0.168998,0.177081,0.168611,0.17306,"20,792","1,68,99,800",0.1719375
"Sep 13, 2016",0.17135,0.175391,0.165726,0.169045,"29,377","1,71,35,000",0.170378
"Sep 12, 2016",0.160843,0.1719,0.160843,0.171349,"39,086","1,60,84,300",0.16623375
"Sep 11, 2016",0.162362,0.168385,0.157313,0.160849,"37,636","1,62,36,200",0.16222725
"Sep 10, 2016",0.166811,0.167874,0.16149,0.162375,"27,087","1,66,81,100",0.1646375
"Sep 09, 2016",0.162377,0.169259,0.160471,0.166817,"33,322","1,62,37,700",0.164731
"Sep 08, 2016",0.16003,0.16903,0.155566,0.162395,"24,373","1,60,03,000",0.16175525
"Sep 07, 2016",0.166464,0.170524,0.158079,0.160031,"58,305","1,66,46,400",0.1637745
"Sep 06, 2016",0.170327,0.172534,0.156371,0.166453,"68,491","1,70,32,700",0.16642125
"Sep 05, 2016",0.165766,0.17343,0.164555,0.170325,"26,388","1,65,76,600",0.168519
"Sep 04, 2016",0.165345,0.171562,0.160792,0.165639,"28,552","1,65,34,500",0.1658345
"Sep 03, 2016",0.171191,0.171552,0.159254,0.165268,"54,250","1,71,19,100",0.16681625
"Sep 02, 2016",0.161111,0.173934,0.159991,0.171192,"45,929","1,61,11,100",0.166557
"Sep 01, 2016",0.163984,0.165407,0.15307,0.161095,"48,630","1,63,98,400",0.160889
"Aug 31, 2016",0.158486,0.168586,0.149882,0.163984,"59,938","1,58,48,600",0.1602345
"Aug 30, 2016",0.159017,0.159695,0.149698,0.158452,"44,755","1,59,01,700",0.1567155
"Aug 29, 2016",0.151853,0.160391,0.145063,0.159015,"53,334","1,51,85,300",0.1540805
"Aug 28, 2016",0.162249,0.165235,0.151375,0.158804,"35,982","1,62,24,900",0.15941575
"Aug 27, 2016",0.169531,0.170991,0.160414,0.162308,"23,586","1,69,53,100",0.165811
"Aug 26, 2016",0.16798,0.170681,0.161518,0.169513,"30,915","1,67,98,000",0.167423
"Aug 25, 2016",0.170334,0.172009,0.16587,0.16587,"26,812","1,70,33,400",0.16852075
"Aug 24, 2016",0.17658,0.176851,0.167782,0.170316,"45,227","1,76,58,000",0.17288225
"Aug 23, 2016",0.178452,0.181835,0.169344,0.176581,"59,064","1,78,45,200",0.176553
"Aug 22, 2016",0.174438,0.181184,0.172688,0.178477,"67,344","1,74,43,800",0.17669675
"Aug 21, 2016",0.178998,0.179812,0.167525,0.174425,"83,163","1,78,99,800",0.17519
"Aug 20, 2016",0.178402,0.179949,0.173975,0.179004,"23,310","1,78,40,200",0.1778325
"Aug 19, 2016",0.175314,0.17989,0.172553,0.178273,"33,598","1,75,31,400",0.1765075
"Aug 18, 2016",0.177636,0.18091,0.173157,0.17527,"54,480","1,77,63,600",0.17674325
"Aug 17, 2016",0.174594,0.182404,0.171833,0.177487,"82,779","1,74,59,400",0.1765795
"Aug 16, 2016",0.173823,0.180306,0.171163,0.17457,"66,316","1,73,82,300",0.1749655
"Aug 15, 2016",0.173431,0.177611,0.168769,0.173786,"59,199","1,73,43,100",0.17339925
"Aug 14, 2016",0.177615,0.183916,0.167834,0.17343,"1,15,312","1,77,61,500",0.17569875
"Aug 13, 2016",0.182932,0.185391,0.170997,0.175204,"1,09,816","1,82,93,200",0.178631
"Aug 12, 2016",0.180932,0.188774,0.166554,0.182949,"1,48,755","1,80,93,200",0.17980225
"Aug 11, 2016",0.189045,0.196519,0.178034,0.181023,"1,12,529","1,89,04,500",0.18615525
"Aug 10, 2016",0.173429,0.192979,0.171355,0.189038,"1,15,904","1,73,42,900",0.18170025
"Aug 09, 2016",0.17726,0.17726,0.167421,0.172701,"39,850","1,77,26,000",0.1736605
"Aug 08, 2016",0.160835,0.181447,0.156651,0.175236,"85,297","1,60,83,500",0.16854225
"Aug 07, 2016",0.172757,0.172757,0.157919,0.160934,"51,728","1,72,75,700",0.16609175
"Aug 06, 2016",0.16482,0.172879,0.157423,0.172755,"52,232","1,64,82,000",0.16696925
"Aug 05, 2016",0.156632,0.167165,0.150382,0.16482,"87,961","1,56,63,200",0.15974975
"Aug 04, 2016",0.144583,0.161843,0.142541,0.151644,"78,311","1,44,58,300",0.15015275
"Aug 03, 2016",0.127527,0.159344,0.126624,0.142479,"1,06,321","1,27,52,700",0.1389935
"Aug 02, 2016",0.164905,0.171309,0.122684,0.127242,"1,97,250","1,64,90,500",0.146535
"Aug 01, 2016",0.172161,0.175615,0.158018,0.158018,"79,352","1,72,16,100",0.165953
"Jul 31, 2016",0.185366,0.186617,0.170575,0.170575,"66,910","1,85,36,600",0.17828325
"Jul 30, 2016",0.191747,0.194696,0.183855,0.185351,"30,568","1,91,74,700",0.18891225
"Jul 29, 2016",0.176242,0.195024,0.174127,0.191743,"52,603","1,76,24,200",0.184284
"Jul 28, 2016",0.182168,0.195806,0.170355,0.176222,"79,472","1,82,16,800",0.18113775
"Jul 27, 2016",0.173306,0.201714,0.160178,0.18213,"2,11,513","1,73,30,600",0.179332
"Jul 26, 2016",0.202035,0.206354,0.171409,0.173442,"1,99,906","2,02,03,500",0.18831
"Jul 25, 2016",0.20216,0.211934,0.193596,0.201996,"1,15,927","2,02,16,000",0.2024215
"Jul 24, 2016",0.201416,0.207514,0.192366,0.202169,"1,36,512","2,01,41,600",0.20086625
"Jul 23, 2016",0.191232,0.207658,0.191004,0.201458,"48,054","1,91,23,200",0.197838
"Jul 22, 2016",0.206324,0.214123,0.19099,0.191196,"1,02,240","2,06,32,400",0.20065825
"Jul 21, 2016",0.211095,0.218892,0.203207,0.206353,"93,206","2,11,09,500",0.20988675
"Jul 20, 2016",0.209238,0.219466,0.207859,0.211235,"70,378","2,09,23,800",0.2119495
"Jul 19, 2016",0.224835,0.229331,0.201258,0.209255,"1,68,579","2,24,83,500",0.21616975
"Jul 18, 2016",0.197136,0.226103,0.195839,0.217987,"1,32,592","1,97,13,600",0.20926625
"Jul 17, 2016",0.193859,0.200658,0.189954,0.197031,"60,718","1,93,85,900",0.1953755
"Jul 16, 2016",0.205082,0.208358,0.191542,0.193542,"36,851","2,05,08,200",0.199631
"Jul 15, 2016",0.196625,0.210447,0.188917,0.204921,"1,15,159","1,96,62,500",0.2002275
"Jul 14, 2016",0.193206,0.20317,0.181674,0.196309,"1,54,375","1,93,20,600",0.19358975
"Jul 13, 2016",0.199736,0.211846,0.193641,0.193641,"1,03,542","1,99,73,600",0.199716
"Jul 12, 2016",0.216897,0.216977,0.197032,0.199753,"1,36,972","2,16,89,700",0.20766475
"Jul 11, 2016",0.218048,0.219266,0.207751,0.216697,"88,437","2,18,04,800",0.2154405
"Jul 10, 2016",0.224557,0.224557,0.203794,0.218331,"88,774","2,24,55,700",0.21780975
"Jul 09, 2016",0.193691,0.22898,0.190734,0.221057,"1,06,202","1,93,69,100",0.2086155
"Jul 08, 2016",0.233187,0.235791,0.175018,0.193728,"2,03,189","2,33,18,700",0.209431
"Jul 07, 2016",0.228292,0.235936,0.215656,0.229901,"2,68,443","2,28,29,200",0.22744625
"Jul 06, 2016",0.21995,0.239176,0.20964,0.228037,"2,18,669","2,19,95,000",0.22420075
"Jul 05, 2016",0.225309,0.226514,0.20258,0.220016,"2,25,635","2,25,30,900",0.21860475
"Jul 04, 2016",0.192834,0.220483,0.189336,0.22048,"3,01,807","1,92,83,400",0.20578325
"Jul 03, 2016",0.180746,0.208869,0.161257,0.192793,"3,34,447","1,80,74,600",0.18591625
"Jul 02, 2016",0.144975,0.201825,0.138431,0.180402,"2,61,410","1,44,97,500",0.16640825
"Jul 01, 2016",0.139274,0.151516,0.130633,0.144888,"2,33,053","1,39,27,400",0.14157775
"Jun 30, 2016",0.143232,0.159229,0.135652,0.139444,"3,11,148","1,43,23,200",0.14438925
"Jun 29, 2016",0.146568,0.16607,0.139438,0.145139,"2,34,893","1,46,56,800",0.14930375
"Jun 28, 2016",0.1741,0.178462,0.142232,0.145641,"2,28,770","1,74,10,000",0.16010875
"Jun 27, 2016",0.170007,0.178653,0.157636,0.175187,"1,69,379","1,70,00,700",0.17037075
"Jun 26, 2016",0.204783,0.205153,0.150026,0.165977,"3,28,673","2,04,78,300",0.18148475
"Jun 25, 2016",0.193498,0.243791,0.189895,0.201881,"4,12,951","1,93,49,800",0.20726625
"Jun 24, 2016",0.199983,0.218997,0.180431,0.195036,"7,15,427","1,99,98,300",0.19861175
"Jun 23, 2016",0.191379,0.205271,0.172964,0.199471,"5,30,030","1,91,37,900",0.19227125
"Jun 22, 2016",0.230252,0.234911,0.176512,0.188528,"8,78,411","2,30,25,200",0.20755075
"Jun 21, 2016",0.289209,0.292218,0.217718,0.230596,"6,26,728","2,89,20,900",0.25743525
"Jun 20, 2016",0.604243,0.604243,0.22705,0.289737,"17,71,960",-,0.43131825
"Jun 19, 2016",0.665885,0.745494,0.456124,0.60376,"1,12,349",-,0.61781575
"Jun 18, 2016",0.898507,1.1,0.309397,0.66548,"1,73,575",-,0.743346
"Jun 17, 2016",0.930645,1,0.78759,0.899224,"42,058",-,0.90436475
"Jun 16, 2016",0.956326,1.18,0.927815,0.928007,"43,879",-,0.998037
"Jun 15, 2016",0.911755,1.1,0.82438,0.953506,"41,509",-,0.94741025
"Jun 14, 2016",1.32,1.32,0.801999,0.911588,"51,762",-,1.08839675
"Jun 13, 2016",1.22,1.65,1.07,1.32,"79,492",-,1.315
"Jun 12, 2016",1.37,1.68,1.12,1.22,"40,759",-,1.3475
"Jun 11, 2016",1.56,1.6,1.1,1.37,"34,845",-,1.4075
"Jun 10, 2016",1.41,1.61,1.22,1.56,"63,162",-,1.45
"Jun 09, 2016",1.02,1.64,1.01,1.41,"27,163",-,1.27
"Jun 08, 2016",0.836892,1.02,0.831662,1.02,"56,105",-,0.9271385
"Jun 07, 2016",0.768551,1.08,0.768537,0.836066,"45,932",-,0.8632885
"Jun 06, 2016",0.712541,1.17,0.712541,0.768672,"95,573",-,0.8409385
"Jun 05, 2016",0.587588,1.11,0.580745,0.713006,"41,700",-,0.74783475
"Jun 04, 2016",1.09,1.29,0.575898,0.586993,"4,912",-,0.88572275
"Jun 03, 2016",1.29,1.66,0.727579,1.09,"57,721",-,1.19189475
"Jun 02, 2016",1.33,1.39,1.15,1.21,"83,734",-,1.27
